1,0,0,0,2,0,0,0,0,0,1,0,0,0,0,0,
2,0.8,0,0,3,0,0,0,0,0,1,0,0,0,0,0,
3,1.6,0,0,4,0,0,0,0,0,1,0,0,0,0,0,
4,2.4,0,0,5,0,0,0,0,0,1,0,0,0,0,0,
5,3.2,0,0,6,0,0,0,0,0,1,0,0,0,0,0,
6,4,0,0,7,0,0,0,0,0,1,0,0,0,0,0,
7,4.8,0,0,8,0,0,0,0,0,1,0,0,0,0,0,
8,5.6,0,0,9,0,0,0,0,0,1,0,0,0,0,0,
9,6.4,0,0,27,0,0,0,0,0,1,0,0,0,0,0,
10,7.2,0,0,9,0,0,0,0,0,1,0,0,0,0,0,
11,8,0,0,10,0,0,0,0,0,1,0,0,0,0,0,
12,8.8,0,0,11,0,0,0,0,0,1,0,0,0,0,0,
13,9.6,0,0,12,0,0,0,0,0,1,0,0,0,0,0,
14,10.4,0,0,13,0,0,0,0,0,1,0,0,0,0,0,
15,11.2,0,0,14,0,0,0,0,0,1,0,0,0,0,0,
16,12,0,0,15,0,0,0,0,0,1,0,0,0,0,0,
17,12.8,0,0,16,0,0,0,0,0,1,0,0,0,0,0,
18,13.6,0,0,17,0,0,0,0,0,1,0,0,0,0,0,
19,0,0.8,0,1,0,0,0,0,0,1,0,0,0,0,0,
20,0.8,0.8,0,0,0,0,0,0,0,0,0,0,0,0,0,
21,1.6,0.8,0,3,0,0,0,0,0,1,0,0,0,0,0,
22,2.4,0.8,0,21,0,0,0,0,0,1,0,0,0,0,0,
23,3.2,0.8,0,22,41,0,0,0,0,1,1,0,0,0,0,
24,4,0.8,0,23,0,0,0,0,0,1,0,0,0,0,0,
25,4.8,0.8,0,24,0,0,0,0,0,1,0,0,0,0,0,
26,5.6,0.8,0,25,0,0,0,0,0,1,0,0,0,0,0,
27,6.4,0.8,0,26,28,45,0,0,0,1,1,1,0,0,0,
28,7.2,0.8,0,29,0,0,0,0,0,1,0,0,0,0,0,
29,8,0.8,0,30,0,0,0,0,0,1,0,0,0,0,0,
30,8.8,0.8,0,31,0,0,0,0,0,1,0,0,0,0,0,
31,9.6,0.8,0,32,0,0,0,0,0,1,0,0,0,0,0,
32,10.4,0.8,0,33,50,0,0,0,0,1,1,0,0,0,0,
33,11.2,0.8,0,34,0,0,0,0,0,1,0,0,0,0,0,
34,12,0.8,0,16,0,0,0,0,0,1,0,0,0,0,0,
35,12.8,0.8,0,0,0,0,0,0,0,0,0,0,0,0,0,
36,13.6,0.8,0,18,0,0,0,0,0,1,0,0,0,0,0,
37,0,1.6,0,19,0,0,0,0,0,1,0,0,0,0,0,
38,0.8,1.6,0,0,0,0,0,0,0,0,0,0,0,0,0,
39,1.6,1.6,0,21,0,0,0,0,0,1,0,0,0,0,0,
40,2.4,1.6,0,39,0,0,0,0,0,1,0,0,0,0,0,
41,3.2,1.6,0,40,59,0,0,0,0,1,1,0,0,0,0,
42,4,1.6,0,41,0,0,0,0,0,1,0,0,0,0,0,
43,4.8,1.6,0,42,0,0,0,0,0,1,0,0,0,0,0,
44,5.6,1.6,0,43,0,0,0,0,0,1,0,0,0,0,0,
45,6.4,1.6,0,44,46,63,0,0,0,1,1,1,0,0,0,
46,7.2,1.6,0,47,0,0,0,0,0,1,0,0,0,0,0,
47,8,1.6,0,48,0,0,0,0,0,1,0,0,0,0,0,
48,8.8,1.6,0,49,0,0,0,0,0,1,0,0,0,0,0,
49,9.6,1.6,0,50,0,0,0,0,0,1,0,0,0,0,0,
50,10.4,1.6,0,51,68,0,0,0,0,1,1,0,0,0,0,
51,11.2,1.6,0,52,0,0,0,0,0,1,0,0,0,0,0,
52,12,1.6,0,34,0,0,0,0,0,1,0,0,0,0,0,
53,12.8,1.6,0,0,0,0,0,0,0,0,0,0,0,0,0,
54,13.6,1.6,0,36,0,0,0,0,0,1,0,0,0,0,0,
55,0,2.4,0,37,0,0,0,0,0,1,0,0,0,0,0,
56,0.8,2.4,0,0,0,0,0,0,0,0,0,0,0,0,0,
57,1.6,2.4,0,0,0,0,0,0,0,0,0,0,0,0,0,
58,2.4,2.4,0,0,0,0,0,0,0,0,0,0,0,0,0,
59,3.2,2.4,0,60,0,0,0,0,0,1,0,0,0,0,0,
60,4,2.4,0,61,0,0,0,0,0,1,0,0,0,0,0,
61,4.8,2.4,0,62,0,0,0,0,0,1,0,0,0,0,0,
62,5.6,2.4,0,63,0,0,0,0,0,1,0,0,0,0,0,
63,6.4,2.4,0,81,0,0,0,0,0,1,0,0,0,0,0,
64,7.2,2.4,0,63,0,0,0,0,0,1,0,0,0,0,0,
65,8,2.4,0,64,0,0,0,0,0,1,0,0,0,0,0,
66,8.8,2.4,0,65,0,0,0,0,0,1,0,0,0,0,0,
67,9.6,2.4,0,66,0,0,0,0,0,1,0,0,0,0,0,
68,10.4,2.4,0,67,0,0,0,0,0,1,0,0,0,0,0,
69,11.2,2.4,0,0,0,0,0,0,0,0,0,0,0,0,0,
70,12,2.4,0,0,0,0,0,0,0,0,0,0,0,0,0,
71,12.8,2.4,0,0,0,0,0,0,0,0,0,0,0,0,0,
72,13.6,2.4,0,54,0,0,0,0,0,1,0,0,0,0,0,
73,0,3.2,0,55,0,0,0,0,0,1,0,0,0,0,0,
74,0.8,3.2,0,0,0,0,0,0,0,0,0,0,0,0,0,
75,1.6,3.2,0,0,0,0,0,0,0,0,0,0,0,0,0,
76,2.4,3.2,0,0,0,0,0,0,0,0,0,0,0,0,0,
77,3.2,3.2,0,0,0,0,0,0,0,0,0,0,0,0,0,
78,4,3.2,0,0,0,0,0,0,0,0,0,0,0,0,0,
79,4.8,3.2,0,0,0,0,0,0,0,0,0,0,0,0,0,
80,5.6,3.2,0,0,0,0,0,0,0,0,0,0,0,0,0,
81,6.4,3.2,0,99,0,0,0,0,0,1,0,0,0,0,0,
82,7.2,3.2,0,0,0,0,0,0,0,0,0,0,0,0,0,
83,8,3.2,0,0,0,0,0,0,0,0,0,0,0,0,0,
84,8.8,3.2,0,0,0,0,0,0,0,0,0,0,0,0,0,
85,9.6,3.2,0,0,0,0,0,0,0,0,0,0,0,0,0,
86,10.4,3.2,0,0,0,0,0,0,0,0,0,0,0,0,0,
87,11.2,3.2,0,0,0,0,0,0,0,0,0,0,0,0,0,
88,12,3.2,0,0,0,0,0,0,0,0,0,0,0,0,0,
89,12.8,3.2,0,0,0,0,0,0,0,0,0,0,0,0,0,
90,13.6,3.2,0,72,0,0,0,0,0,1,0,0,0,0,0,
91,0,4,0,73,92,0,0,0,0,1,1,0,0,0,0,
92,0.8,4,0,93,110,0,0,0,0,1,2,0,0,0,0,
93,1.6,4,0,94,111,0,0,0,0,1,2,0,0,0,0,
94,2.4,4,0,95,112,0,0,0,0,1,2,0,0,0,0,
95,3.2,4,0,96,113,0,0,0,0,1,2,0,0,0,0,
96,4,4,0,97,114,0,0,0,0,1,2,0,0,0,0,
97,4.8,4,0,98,115,0,0,0,0,1,2,0,0,0,0,
98,5.6,4,0,99,116,0,0,0,0,1,2,0,0,0,0,
99,6.4,4,0,100,117,0,0,0,0,1,1,0,0,0,0,
100,7.2,4,0,101,118,0,0,0,0,1,2,0,0,0,0,
101,8,4,0,102,119,0,0,0,0,1,2,0,0,0,0,
102,8.8,4,0,103,120,0,0,0,0,1,2,0,0,0,0,
103,9.6,4,0,104,121,0,0,0,0,1,2,0,0,0,0,
104,10.4,4,0,105,122,0,0,0,0,1,2,0,0,0,0,
105,11.2,4,0,106,123,0,0,0,0,1,2,0,0,0,0,
106,12,4,0,107,124,0,0,0,0,1,2,0,0,0,0,
107,12.8,4,0,108,125,0,0,0,0,1,2,0,0,0,0,
108,13.6,4,0,90,0,0,0,0,0,1,0,0,0,0,0,
109,0,4.8,0,91,0,0,0,0,0,1,0,0,0,0,0,
110,0.8,4.8,0,92,109,128,433,0,0,2,1,2,1,0,0,
111,1.6,4.8,0,93,110,129,440,0,0,2,1,2,1,0,0,
112,2.4,4.8,0,94,111,130,447,0,0,2,1,2,1,0,0,
113,3.2,4.8,0,95,112,131,454,0,0,2,1,2,1,0,0,
114,4,4.8,0,96,113,132,461,0,0,2,1,2,1,0,0,
115,4.8,4.8,0,97,114,133,468,0,0,2,1,2,1,0,0,
116,5.6,4.8,0,98,115,134,475,0,0,2,1,2,1,0,0,
117,6.4,4.8,0,116,118,135,0,0,0,1,1,1,0,0,0,
118,7.2,4.8,0,100,119,136,482,0,0,2,1,2,1,0,0,
119,8,4.8,0,101,120,137,489,0,0,2,1,2,1,0,0,
120,8.8,4.8,0,102,121,138,496,0,0,2,1,2,1,0,0,
121,9.6,4.8,0,103,122,139,503,0,0,2,1,2,1,0,0,
122,10.4,4.8,0,104,123,140,510,0,0,2,1,2,1,0,0,
123,11.2,4.8,0,105,124,141,517,0,0,2,1,2,1,0,0,
124,12,4.8,0,106,125,142,524,0,0,2,1,2,1,0,0,
125,12.8,4.8,0,107,126,143,531,0,0,2,1,2,1,0,0,
126,13.6,4.8,0,108,0,0,0,0,0,1,0,0,0,0,0,
127,0,5.6,0,109,0,0,0,0,0,1,0,0,0,0,0,
128,0.8,5.6,0,110,127,146,0,0,0,2,3,2,0,0,0,
129,1.6,5.6,0,111,128,147,0,0,0,2,3,2,0,0,0,
130,2.4,5.6,0,112,129,148,0,0,0,2,3,2,0,0,0,
131,3.2,5.6,0,113,130,149,0,0,0,2,3,2,0,0,0,
132,4,5.6,0,114,131,150,0,0,0,2,3,2,0,0,0,
133,4.8,5.6,0,115,132,151,0,0,0,2,3,2,0,0,0,
134,5.6,5.6,0,116,133,152,0,0,0,2,3,2,0,0,0,
135,6.4,5.6,0,134,153,0,0,0,0,3,1,0,0,0,0,
136,7.2,5.6,0,118,135,154,0,0,0,2,3,2,0,0,0,
137,8,5.6,0,119,136,155,0,0,0,2,3,2,0,0,0,
138,8.8,5.6,0,120,137,156,0,0,0,2,3,2,0,0,0,
139,9.6,5.6,0,121,138,157,0,0,0,2,3,2,0,0,0,
140,10.4,5.6,0,122,139,158,0,0,0,2,3,2,0,0,0,
141,11.2,5.6,0,123,140,159,0,0,0,2,3,2,0,0,0,
142,12,5.6,0,124,141,160,0,0,0,2,3,2,0,0,0,
143,12.8,5.6,0,125,142,161,0,0,0,2,3,2,0,0,0,
144,13.6,5.6,0,126,143,0,0,0,0,1,3,0,0,0,0,
145,0,6.4,0,127,146,0,0,0,0,1,3,0,0,0,0,
146,0.8,6.4,0,128,147,164,0,0,0,2,3,2,0,0,0,
147,1.6,6.4,0,129,148,165,0,0,0,2,3,2,0,0,0,
148,2.4,6.4,0,130,149,166,0,0,0,2,3,2,0,0,0,
149,3.2,6.4,0,131,150,167,0,0,0,2,3,2,0,0,0,
150,4,6.4,0,132,151,168,0,0,0,2,3,2,0,0,0,
151,4.8,6.4,0,133,152,169,0,0,0,2,3,2,0,0,0,
152,5.6,6.4,0,134,153,170,0,0,0,2,3,2,0,0,0,
153,6.4,6.4,0,154,171,0,0,0,0,3,1,0,0,0,0,
154,7.2,6.4,0,136,155,172,0,0,0,2,3,2,0,0,0,
155,8,6.4,0,137,156,173,0,0,0,2,3,2,0,0,0,
156,8.8,6.4,0,138,157,174,0,0,0,2,3,2,0,0,0,
157,9.6,6.4,0,139,158,175,0,0,0,2,3,2,0,0,0,
158,10.4,6.4,0,140,159,176,0,0,0,2,3,2,0,0,0,
159,11.2,6.4,0,141,160,177,0,0,0,2,3,2,0,0,0,
160,12,6.4,0,142,161,178,0,0,0,2,3,2,0,0,0,
161,12.8,6.4,0,143,162,179,0,0,0,2,3,2,0,0,0,
162,13.6,6.4,0,144,0,0,0,0,0,1,0,0,0,0,0,
163,0,7.2,0,145,0,0,0,0,0,1,0,0,0,0,0,
164,0.8,7.2,0,146,163,182,538,0,0,2,1,2,1,0,0,
165,1.6,7.2,0,147,164,183,545,0,0,2,1,2,1,0,0,
166,2.4,7.2,0,148,165,184,552,0,0,2,1,2,1,0,0,
167,3.2,7.2,0,149,166,185,559,0,0,2,1,2,1,0,0,
168,4,7.2,0,150,167,186,566,0,0,2,1,2,1,0,0,
169,4.8,7.2,0,151,168,187,573,0,0,2,1,2,1,0,0,
170,5.6,7.2,0,152,169,188,580,0,0,2,1,2,1,0,0,
171,6.4,7.2,0,170,172,189,0,0,0,1,1,1,0,0,0,
172,7.2,7.2,0,154,173,190,587,0,0,2,1,2,1,0,0,
173,8,7.2,0,155,174,191,594,0,0,2,1,2,1,0,0,
174,8.8,7.2,0,156,175,192,601,0,0,2,1,2,1,0,0,
175,9.6,7.2,0,157,176,193,608,0,0,2,1,2,1,0,0,
176,10.4,7.2,0,158,177,194,615,0,0,2,1,2,1,0,0,
177,11.2,7.2,0,159,178,195,622,0,0,2,1,2,1,0,0,
178,12,7.2,0,160,179,196,629,0,0,2,1,2,1,0,0,
179,12.8,7.2,0,161,180,197,636,0,0,2,1,2,1,0,0,
180,13.6,7.2,0,162,0,0,0,0,0,1,0,0,0,0,0,
181,0,8,0,163,0,0,0,0,0,1,0,0,0,0,0,
182,0.8,8,0,164,181,200,0,0,0,2,3,2,0,0,0,
183,1.6,8,0,165,182,201,0,0,0,2,3,2,0,0,0,
184,2.4,8,0,166,183,202,0,0,0,2,3,2,0,0,0,
185,3.2,8,0,167,184,203,0,0,0,2,3,2,0,0,0,
186,4,8,0,168,185,204,0,0,0,2,3,2,0,0,0,
187,4.8,8,0,169,186,205,0,0,0,2,3,2,0,0,0,
188,5.6,8,0,170,187,206,0,0,0,2,3,2,0,0,0,
189,6.4,8,0,188,207,0,0,0,0,3,1,0,0,0,0,
190,7.2,8,0,172,189,208,0,0,0,2,3,2,0,0,0,
191,8,8,0,173,190,209,0,0,0,2,3,2,0,0,0,
192,8.8,8,0,174,191,210,0,0,0,2,3,2,0,0,0,
193,9.6,8,0,175,192,211,0,0,0,2,3,2,0,0,0,
194,10.4,8,0,176,193,212,0,0,0,2,3,2,0,0,0,
195,11.2,8,0,177,194,213,0,0,0,2,3,2,0,0,0,
196,12,8,0,178,195,214,0,0,0,2,3,2,0,0,0,
197,12.8,8,0,179,196,215,0,0,0,2,3,2,0,0,0,
198,13.6,8,0,180,197,0,0,0,0,1,3,0,0,0,0,
199,0,8.8,0,181,200,0,0,0,0,1,3,0,0,0,0,
200,0.8,8.8,0,182,201,218,0,0,0,2,3,2,0,0,0,
201,1.6,8.8,0,183,202,219,0,0,0,2,3,2,0,0,0,
202,2.4,8.8,0,184,203,220,0,0,0,2,3,2,0,0,0,
203,3.2,8.8,0,185,204,221,0,0,0,2,3,2,0,0,0,
204,4,8.8,0,186,205,222,0,0,0,2,3,2,0,0,0,
205,4.8,8.8,0,187,206,223,0,0,0,2,3,2,0,0,0,
206,5.6,8.8,0,188,207,224,0,0,0,2,3,2,0,0,0,
207,6.4,8.8,0,208,225,0,0,0,0,3,1,0,0,0,0,
208,7.2,8.8,0,190,209,226,0,0,0,2,3,2,0,0,0,
209,8,8.8,0,191,210,227,0,0,0,2,3,2,0,0,0,
210,8.8,8.8,0,192,211,228,0,0,0,2,3,2,0,0,0,
211,9.6,8.8,0,193,212,229,0,0,0,2,3,2,0,0,0,
212,10.4,8.8,0,194,213,230,0,0,0,2,3,2,0,0,0,
213,11.2,8.8,0,195,214,231,0,0,0,2,3,2,0,0,0,
214,12,8.8,0,196,215,232,0,0,0,2,3,2,0,0,0,
215,12.8,8.8,0,197,216,233,0,0,0,2,3,2,0,0,0,
216,13.6,8.8,0,198,0,0,0,0,0,1,0,0,0,0,0,
217,0,9.6,0,199,0,0,0,0,0,1,0,0,0,0,0,
218,0.8,9.6,0,200,217,236,643,0,0,2,1,2,1,0,0,
219,1.6,9.6,0,201,218,237,650,0,0,2,1,2,1,0,0,
220,2.4,9.6,0,202,219,238,657,0,0,2,1,2,1,0,0,
221,3.2,9.6,0,203,220,239,664,0,0,2,1,2,1,0,0,
222,4,9.6,0,204,221,240,671,0,0,2,1,2,1,0,0,
223,4.8,9.6,0,205,222,241,678,0,0,2,1,2,1,0,0,
224,5.6,9.6,0,206,223,242,685,0,0,2,1,2,1,0,0,
225,6.4,9.6,0,224,226,243,0,0,0,1,1,1,0,0,0,
226,7.2,9.6,0,208,227,244,692,0,0,2,1,2,1,0,0,
227,8,9.6,0,209,228,245,699,0,0,2,1,2,1,0,0,
228,8.8,9.6,0,210,229,246,706,0,0,2,1,2,1,0,0,
229,9.6,9.6,0,211,230,247,713,0,0,2,1,2,1,0,0,
230,10.4,9.6,0,212,231,248,720,0,0,2,1,2,1,0,0,
231,11.2,9.6,0,213,232,249,727,0,0,2,1,2,1,0,0,
232,12,9.6,0,214,233,250,734,0,0,2,1,2,1,0,0,
233,12.8,9.6,0,215,234,251,741,0,0,2,1,2,1,0,0,
234,13.6,9.6,0,216,0,0,0,0,0,1,0,0,0,0,0,
235,0,10.4,0,217,0,0,0,0,0,1,0,0,0,0,0,
236,0.8,10.4,0,218,235,254,0,0,0,2,3,2,0,0,0,
237,1.6,10.4,0,219,236,255,0,0,0,2,3,2,0,0,0,
238,2.4,10.4,0,220,237,256,0,0,0,2,3,2,0,0,0,
239,3.2,10.4,0,221,238,257,0,0,0,2,3,2,0,0,0,
240,4,10.4,0,222,239,258,0,0,0,2,3,2,0,0,0,
241,4.8,10.4,0,223,240,259,0,0,0,2,3,2,0,0,0,
242,5.6,10.4,0,224,241,260,0,0,0,2,3,2,0,0,0,
243,6.4,10.4,0,242,261,0,0,0,0,3,1,0,0,0,0,
244,7.2,10.4,0,226,243,262,0,0,0,2,3,2,0,0,0,
245,8,10.4,0,227,244,263,0,0,0,2,3,2,0,0,0,
246,8.8,10.4,0,228,245,264,0,0,0,2,3,2,0,0,0,
247,9.6,10.4,0,229,246,265,0,0,0,2,3,2,0,0,0,
248,10.4,10.4,0,230,247,266,0,0,0,2,3,2,0,0,0,
249,11.2,10.4,0,231,248,267,0,0,0,2,3,2,0,0,0,
250,12,10.4,0,232,249,268,0,0,0,2,3,2,0,0,0,
251,12.8,10.4,0,233,250,269,0,0,0,2,3,2,0,0,0,
252,13.6,10.4,0,234,251,0,0,0,0,1,3,0,0,0,0,
253,0,11.2,0,235,254,0,0,0,0,1,3,0,0,0,0,
254,0.8,11.2,0,236,255,272,0,0,0,2,3,2,0,0,0,
255,1.6,11.2,0,237,256,273,0,0,0,2,3,2,0,0,0,
256,2.4,11.2,0,238,257,274,0,0,0,2,3,2,0,0,0,
257,3.2,11.2,0,239,258,275,0,0,0,2,3,2,0,0,0,
258,4,11.2,0,240,259,276,0,0,0,2,3,2,0,0,0,
259,4.8,11.2,0,241,260,277,0,0,0,2,3,2,0,0,0,
260,5.6,11.2,0,242,261,278,0,0,0,2,3,2,0,0,0,
261,6.4,11.2,0,262,279,0,0,0,0,3,1,0,0,0,0,
262,7.2,11.2,0,244,263,280,0,0,0,2,3,2,0,0,0,
263,8,11.2,0,245,264,281,0,0,0,2,3,2,0,0,0,
264,8.8,11.2,0,246,265,282,0,0,0,2,3,2,0,0,0,
265,9.6,11.2,0,247,266,283,0,0,0,2,3,2,0,0,0,
266,10.4,11.2,0,248,267,284,0,0,0,2,3,2,0,0,0,
267,11.2,11.2,0,249,268,285,0,0,0,2,3,2,0,0,0,
268,12,11.2,0,250,269,286,0,0,0,2,3,2,0,0,0,
269,12.8,11.2,0,251,270,287,0,0,0,2,3,2,0,0,0,
270,13.6,11.2,0,252,0,0,0,0,0,1,0,0,0,0,0,
271,0,12,0,253,0,0,0,0,0,1,0,0,0,0,0,
272,0.8,12,0,254,271,290,748,0,0,2,1,2,1,0,0,
273,1.6,12,0,255,272,291,755,0,0,2,1,2,1,0,0,
274,2.4,12,0,256,273,292,762,0,0,2,1,2,1,0,0,
275,3.2,12,0,257,274,293,769,0,0,2,1,2,1,0,0,
276,4,12,0,258,275,294,776,0,0,2,1,2,1,0,0,
277,4.8,12,0,259,276,295,783,0,0,2,1,2,1,0,0,
278,5.6,12,0,260,277,296,790,0,0,2,1,2,1,0,0,
279,6.4,12,0,278,280,297,0,0,0,1,1,1,0,0,0,
280,7.2,12,0,262,281,298,797,0,0,2,1,2,1,0,0,
281,8,12,0,263,282,299,804,0,0,2,1,2,1,0,0,
282,8.8,12,0,264,283,300,811,0,0,2,1,2,1,0,0,
283,9.6,12,0,265,284,301,818,0,0,2,1,2,1,0,0,
284,10.4,12,0,266,285,302,825,0,0,2,1,2,1,0,0,
285,11.2,12,0,267,286,303,832,0,0,2,1,2,1,0,0,
286,12,12,0,268,287,304,839,0,0,2,1,2,1,0,0,
287,12.8,12,0,269,288,305,846,0,0,2,1,2,1,0,0,
288,13.6,12,0,270,0,0,0,0,0,1,0,0,0,0,0,
289,0,12.8,0,271,0,0,0,0,0,1,0,0,0,0,0,
290,0.8,12.8,0,272,289,308,0,0,0,2,3,2,0,0,0,
291,1.6,12.8,0,273,290,309,0,0,0,2,3,2,0,0,0,
292,2.4,12.8,0,274,291,310,0,0,0,2,3,2,0,0,0,
293,3.2,12.8,0,275,292,311,0,0,0,2,3,2,0,0,0,
294,4,12.8,0,276,293,312,0,0,0,2,3,2,0,0,0,
295,4.8,12.8,0,277,294,313,0,0,0,2,3,2,0,0,0,
296,5.6,12.8,0,278,295,314,0,0,0,2,3,2,0,0,0,
297,6.4,12.8,0,296,315,0,0,0,0,3,1,0,0,0,0,
298,7.2,12.8,0,280,297,316,0,0,0,2,3,2,0,0,0,
299,8,12.8,0,281,298,317,0,0,0,2,3,2,0,0,0,
300,8.8,12.8,0,282,299,318,0,0,0,2,3,2,0,0,0,
301,9.6,12.8,0,283,300,319,0,0,0,2,3,2,0,0,0,
302,10.4,12.8,0,284,301,320,0,0,0,2,3,2,0,0,0,
303,11.2,12.8,0,285,302,321,0,0,0,2,3,2,0,0,0,
304,12,12.8,0,286,303,322,0,0,0,2,3,2,0,0,0,
305,12.8,12.8,0,287,304,323,0,0,0,2,3,2,0,0,0,
306,13.6,12.8,0,288,305,0,0,0,0,1,3,0,0,0,0,
307,0,13.6,0,289,308,0,0,0,0,1,3,0,0,0,0,
308,0.8,13.6,0,290,309,326,0,0,0,2,3,2,0,0,0,
309,1.6,13.6,0,291,310,327,0,0,0,2,3,2,0,0,0,
310,2.4,13.6,0,292,311,328,0,0,0,2,3,2,0,0,0,
311,3.2,13.6,0,293,312,329,0,0,0,2,3,2,0,0,0,
312,4,13.6,0,294,313,330,0,0,0,2,3,2,0,0,0,
313,4.8,13.6,0,295,314,331,0,0,0,2,3,2,0,0,0,
314,5.6,13.6,0,296,315,332,0,0,0,2,3,2,0,0,0,
315,6.4,13.6,0,316,333,0,0,0,0,3,1,0,0,0,0,
316,7.2,13.6,0,298,317,334,0,0,0,2,3,2,0,0,0,
317,8,13.6,0,299,318,335,0,0,0,2,3,2,0,0,0,
318,8.8,13.6,0,300,319,336,0,0,0,2,3,2,0,0,0,
319,9.6,13.6,0,301,320,337,0,0,0,2,3,2,0,0,0,
320,10.4,13.6,0,302,321,338,0,0,0,2,3,2,0,0,0,
321,11.2,13.6,0,303,322,339,0,0,0,2,3,2,0,0,0,
322,12,13.6,0,304,323,340,0,0,0,2,3,2,0,0,0,
323,12.8,13.6,0,305,324,341,0,0,0,2,3,2,0,0,0,
324,13.6,13.6,0,306,0,0,0,0,0,1,0,0,0,0,0,
325,0,14.4,0,307,0,0,0,0,0,1,0,0,0,0,0,
326,0.8,14.4,0,308,325,344,853,0,0,2,1,2,1,0,0,
327,1.6,14.4,0,309,326,345,860,0,0,2,1,2,1,0,0,
328,2.4,14.4,0,310,327,346,867,0,0,2,1,2,1,0,0,
329,3.2,14.4,0,311,328,347,874,0,0,2,1,2,1,0,0,
330,4,14.4,0,312,329,348,881,0,0,2,1,2,1,0,0,
331,4.8,14.4,0,313,330,349,888,0,0,2,1,2,1,0,0,
332,5.6,14.4,0,314,331,350,895,0,0,2,1,2,1,0,0,
333,6.4,14.4,0,332,334,351,0,0,0,1,1,1,0,0,0,
334,7.2,14.4,0,316,335,352,902,0,0,2,1,2,1,0,0,
335,8,14.4,0,317,336,353,909,0,0,2,1,2,1,0,0,
336,8.8,14.4,0,318,337,354,916,0,0,2,1,2,1,0,0,
337,9.6,14.4,0,319,338,355,923,0,0,2,1,2,1,0,0,
338,10.4,14.4,0,320,339,356,930,0,0,2,1,2,1,0,0,
339,11.2,14.4,0,321,340,357,937,0,0,2,1,2,1,0,0,
340,12,14.4,0,322,341,358,944,0,0,2,1,2,1,0,0,
341,12.8,14.4,0,323,342,359,951,0,0,2,1,2,1,0,0,
342,13.6,14.4,0,324,0,0,0,0,0,1,0,0,0,0,0,
343,0,15.2,0,325,0,0,0,0,0,1,0,0,0,0,0,
344,0.8,15.2,0,326,343,362,0,0,0,2,3,2,0,0,0,
345,1.6,15.2,0,327,344,363,0,0,0,2,3,2,0,0,0,
346,2.4,15.2,0,328,345,364,0,0,0,2,3,2,0,0,0,
347,3.2,15.2,0,329,346,365,0,0,0,2,3,2,0,0,0,
348,4,15.2,0,330,347,366,0,0,0,2,3,2,0,0,0,
349,4.8,15.2,0,331,348,367,0,0,0,2,3,2,0,0,0,
350,5.6,15.2,0,332,349,368,0,0,0,2,3,2,0,0,0,
351,6.4,15.2,0,350,369,0,0,0,0,3,1,0,0,0,0,
352,7.2,15.2,0,334,351,370,0,0,0,2,3,2,0,0,0,
353,8,15.2,0,335,352,371,0,0,0,2,3,2,0,0,0,
354,8.8,15.2,0,336,353,372,0,0,0,2,3,2,0,0,0,
355,9.6,15.2,0,337,354,373,0,0,0,2,3,2,0,0,0,
356,10.4,15.2,0,338,355,374,0,0,0,2,3,2,0,0,0,
357,11.2,15.2,0,339,356,375,0,0,0,2,3,2,0,0,0,
358,12,15.2,0,340,357,376,0,0,0,2,3,2,0,0,0,
359,12.8,15.2,0,341,358,377,0,0,0,2,3,2,0,0,0,
360,13.6,15.2,0,342,359,0,0,0,0,1,3,0,0,0,0,
361,0,16,0,343,362,0,0,0,0,1,3,0,0,0,0,
362,0.8,16,0,344,363,380,0,0,0,2,3,2,0,0,0,
363,1.6,16,0,345,364,381,0,0,0,2,3,2,0,0,0,
364,2.4,16,0,346,365,382,0,0,0,2,3,2,0,0,0,
365,3.2,16,0,347,366,383,0,0,0,2,3,2,0,0,0,
366,4,16,0,348,367,384,0,0,0,2,3,2,0,0,0,
367,4.8,16,0,349,368,385,0,0,0,2,3,2,0,0,0,
368,5.6,16,0,350,369,386,0,0,0,2,3,2,0,0,0,
369,6.4,16,0,370,387,0,0,0,0,3,1,0,0,0,0,
370,7.2,16,0,352,371,388,0,0,0,2,3,2,0,0,0,
371,8,16,0,353,372,389,0,0,0,2,3,2,0,0,0,
372,8.8,16,0,354,373,390,0,0,0,2,3,2,0,0,0,
373,9.6,16,0,355,374,391,0,0,0,2,3,2,0,0,0,
374,10.4,16,0,356,375,392,0,0,0,2,3,2,0,0,0,
375,11.2,16,0,357,376,393,0,0,0,2,3,2,0,0,0,
376,12,16,0,358,377,394,0,0,0,2,3,2,0,0,0,
377,12.8,16,0,359,378,395,0,0,0,2,3,2,0,0,0,
378,13.6,16,0,360,0,0,0,0,0,1,0,0,0,0,0,
379,0,16.8,0,361,0,0,0,0,0,1,0,0,0,0,0,
380,0.8,16.8,0,362,379,398,958,0,0,2,1,2,1,0,0,
381,1.6,16.8,0,363,380,399,965,0,0,2,1,2,1,0,0,
382,2.4,16.8,0,364,381,400,972,0,0,2,1,2,1,0,0,
383,3.2,16.8,0,365,382,401,979,0,0,2,1,2,1,0,0,
384,4,16.8,0,366,383,402,986,0,0,2,1,2,1,0,0,
385,4.8,16.8,0,367,384,403,993,0,0,2,1,2,1,0,0,
386,5.6,16.8,0,368,385,404,1000,0,0,2,1,2,1,0,0,
387,6.4,16.8,0,386,388,405,0,0,0,1,1,1,0,0,0,
388,7.2,16.8,0,370,389,406,1007,0,0,2,1,2,1,0,0,
389,8,16.8,0,371,390,407,1014,0,0,2,1,2,1,0,0,
390,8.8,16.8,0,372,391,408,1021,0,0,2,1,2,1,0,0,
391,9.6,16.8,0,373,392,409,1028,0,0,2,1,2,1,0,0,
392,10.4,16.8,0,374,393,410,1035,0,0,2,1,2,1,0,0,
393,11.2,16.8,0,375,394,411,1042,0,0,2,1,2,1,0,0,
394,12,16.8,0,376,395,412,1049,0,0,2,1,2,1,0,0,
395,12.8,16.8,0,377,396,413,1056,0,0,2,1,2,1,0,0,
396,13.6,16.8,0,378,0,0,0,0,0,1,0,0,0,0,0,
397,0,17.6,0,379,0,0,0,0,0,1,0,0,0,0,0,
398,0.8,17.6,0,380,397,0,0,0,0,2,3,0,0,0,0,
399,1.6,17.6,0,381,398,0,0,0,0,2,3,0,0,0,0,
400,2.4,17.6,0,382,399,0,0,0,0,2,3,0,0,0,0,
401,3.2,17.6,0,383,400,0,0,0,0,2,3,0,0,0,0,
402,4,17.6,0,384,401,0,0,0,0,2,3,0,0,0,0,
403,4.8,17.6,0,385,402,0,0,0,0,2,3,0,0,0,0,
404,5.6,17.6,0,386,403,0,0,0,0,2,3,0,0,0,0,
405,6.4,17.6,0,404,423,0,0,0,0,3,1,0,0,0,0,
406,7.2,17.6,0,388,405,0,0,0,0,2,3,0,0,0,0,
407,8,17.6,0,389,406,0,0,0,0,2,3,0,0,0,0,
408,8.8,17.6,0,390,407,0,0,0,0,2,3,0,0,0,0,
409,9.6,17.6,0,391,408,0,0,0,0,2,3,0,0,0,0,
410,10.4,17.6,0,392,409,0,0,0,0,2,3,0,0,0,0,
411,11.2,17.6,0,393,410,0,0,0,0,2,3,0,0,0,0,
412,12,17.6,0,394,411,0,0,0,0,2,3,0,0,0,0,
413,12.8,17.6,0,395,412,0,0,0,0,2,3,0,0,0,0,
414,13.6,17.6,0,396,413,0,0,0,0,1,3,0,0,0,0,
415,0,18.4,0,397,0,0,0,0,0,1,0,0,0,0,0,
416,0.8,18.4,0,415,0,0,0,0,0,1,0,0,0,0,0,
417,1.6,18.4,0,416,0,0,0,0,0,1,0,0,0,0,0,
418,2.4,18.4,0,417,0,0,0,0,0,1,0,0,0,0,0,
419,3.2,18.4,0,418,0,0,0,0,0,1,0,0,0,0,0,
420,4,18.4,0,419,0,0,0,0,0,1,0,0,0,0,0,
421,4.8,18.4,0,420,0,0,0,0,0,1,0,0,0,0,0,
422,5.6,18.4,0,421,0,0,0,0,0,1,0,0,0,0,0,
423,6.4,18.4,0,422,424,0,0,0,0,1,1,0,0,0,0,
424,7.2,18.4,0,425,0,0,0,0,0,1,0,0,0,0,0,
425,8,18.4,0,426,0,0,0,0,0,1,0,0,0,0,0,
426,8.8,18.4,0,427,0,0,0,0,0,1,0,0,0,0,0,
427,9.6,18.4,0,428,0,0,0,0,0,1,0,0,0,0,0,
428,10.4,18.4,0,429,0,0,0,0,0,1,0,0,0,0,0,
429,11.2,18.4,0,430,0,0,0,0,0,1,0,0,0,0,0,
430,12,18.4,0,431,0,0,0,0,0,1,0,0,0,0,0,
431,12.8,18.4,0,432,0,0,0,0,0,1,0,0,0,0,0,
432,13.6,18.4,0,414,0,0,0,0,0,1,0,0,0,0,0,
433,0.8,4.8,1,110,434,0,0,0,0,1,1,0,0,0,0,
434,0.8,4.8,1.5,433,435,0,0,0,0,1,1,0,0,0,0,
435,0.8,4.8,2,434,436,0,0,0,0,1,1,0,0,0,0,
436,0.8,4.8,2.5,435,437,0,0,0,0,1,1,0,0,0,0,
437,0.8,4.8,3,436,438,0,0,0,0,1,1,0,0,0,0,
438,0.8,4.8,3.5,437,439,0,0,0,0,1,1,0,0,0,0,
439,0.8,4.8,4,438,0,0,0,0,0,1,0,0,0,0,0,
440,1.6,4.8,1,111,441,0,0,0,0,1,1,0,0,0,0,
441,1.6,4.8,1.5,440,442,0,0,0,0,1,1,0,0,0,0,
442,1.6,4.8,2,441,443,0,0,0,0,1,1,0,0,0,0,
443,1.6,4.8,2.5,442,444,0,0,0,0,1,1,0,0,0,0,
444,1.6,4.8,3,443,445,0,0,0,0,1,1,0,0,0,0,
445,1.6,4.8,3.5,444,446,0,0,0,0,1,1,0,0,0,0,
446,1.6,4.8,4,445,0,0,0,0,0,1,0,0,0,0,0,
447,2.4,4.8,1,112,448,0,0,0,0,1,1,0,0,0,0,
448,2.4,4.8,1.5,447,449,0,0,0,0,1,1,0,0,0,0,
449,2.4,4.8,2,448,450,0,0,0,0,1,1,0,0,0,0,
450,2.4,4.8,2.5,449,451,0,0,0,0,1,1,0,0,0,0,
451,2.4,4.8,3,450,452,0,0,0,0,1,1,0,0,0,0,
452,2.4,4.8,3.5,451,453,0,0,0,0,1,1,0,0,0,0,
453,2.4,4.8,4,452,0,0,0,0,0,1,0,0,0,0,0,
454,3.2,4.8,1,113,455,0,0,0,0,1,1,0,0,0,0,
455,3.2,4.8,1.5,454,456,0,0,0,0,1,1,0,0,0,0,
456,3.2,4.8,2,455,457,0,0,0,0,1,1,0,0,0,0,
457,3.2,4.8,2.5,456,458,0,0,0,0,1,1,0,0,0,0,
458,3.2,4.8,3,457,459,0,0,0,0,1,1,0,0,0,0,
459,3.2,4.8,3.5,458,460,0,0,0,0,1,1,0,0,0,0,
460,3.2,4.8,4,459,0,0,0,0,0,1,0,0,0,0,0,
461,4,4.8,1,114,462,0,0,0,0,1,1,0,0,0,0,
462,4,4.8,1.5,461,463,0,0,0,0,1,1,0,0,0,0,
463,4,4.8,2,462,464,0,0,0,0,1,1,0,0,0,0,
464,4,4.8,2.5,463,465,0,0,0,0,1,1,0,0,0,0,
465,4,4.8,3,464,466,0,0,0,0,1,1,0,0,0,0,
466,4,4.8,3.5,465,467,0,0,0,0,1,1,0,0,0,0,
467,4,4.8,4,466,0,0,0,0,0,1,0,0,0,0,0,
468,4.8,4.8,1,115,469,0,0,0,0,1,1,0,0,0,0,
469,4.8,4.8,1.5,468,470,0,0,0,0,1,1,0,0,0,0,
470,4.8,4.8,2,469,471,0,0,0,0,1,1,0,0,0,0,
471,4.8,4.8,2.5,470,472,0,0,0,0,1,1,0,0,0,0,
472,4.8,4.8,3,471,473,0,0,0,0,1,1,0,0,0,0,
473,4.8,4.8,3.5,472,474,0,0,0,0,1,1,0,0,0,0,
474,4.8,4.8,4,473,0,0,0,0,0,1,0,0,0,0,0,
475,5.6,4.8,1,116,476,0,0,0,0,1,1,0,0,0,0,
476,5.6,4.8,1.5,475,477,0,0,0,0,1,1,0,0,0,0,
477,5.6,4.8,2,476,478,0,0,0,0,1,1,0,0,0,0,
478,5.6,4.8,2.5,477,479,0,0,0,0,1,1,0,0,0,0,
479,5.6,4.8,3,478,480,0,0,0,0,1,1,0,0,0,0,
480,5.6,4.8,3.5,479,481,0,0,0,0,1,1,0,0,0,0,
481,5.6,4.8,4,480,0,0,0,0,0,1,0,0,0,0,0,
482,7.2,4.8,1,118,483,0,0,0,0,1,1,0,0,0,0,
483,7.2,4.8,1.5,482,484,0,0,0,0,1,1,0,0,0,0,
484,7.2,4.8,2,483,485,0,0,0,0,1,1,0,0,0,0,
485,7.2,4.8,2.5,484,486,0,0,0,0,1,1,0,0,0,0,
486,7.2,4.8,3,485,487,0,0,0,0,1,1,0,0,0,0,
487,7.2,4.8,3.5,486,488,0,0,0,0,1,1,0,0,0,0,
488,7.2,4.8,4,487,0,0,0,0,0,1,0,0,0,0,0,
489,8,4.8,1,119,490,0,0,0,0,1,1,0,0,0,0,
490,8,4.8,1.5,489,491,0,0,0,0,1,1,0,0,0,0,
491,8,4.8,2,490,492,0,0,0,0,1,1,0,0,0,0,
492,8,4.8,2.5,491,493,0,0,0,0,1,1,0,0,0,0,
493,8,4.8,3,492,494,0,0,0,0,1,1,0,0,0,0,
494,8,4.8,3.5,493,495,0,0,0,0,1,1,0,0,0,0,
495,8,4.8,4,494,0,0,0,0,0,1,0,0,0,0,0,
496,8.8,4.8,1,120,497,0,0,0,0,1,1,0,0,0,0,
497,8.8,4.8,1.5,496,498,0,0,0,0,1,1,0,0,0,0,
498,8.8,4.8,2,497,499,0,0,0,0,1,1,0,0,0,0,
499,8.8,4.8,2.5,498,500,0,0,0,0,1,1,0,0,0,0,
500,8.8,4.8,3,499,501,0,0,0,0,1,1,0,0,0,0,
501,8.8,4.8,3.5,500,502,0,0,0,0,1,1,0,0,0,0,
502,8.8,4.8,4,501,0,0,0,0,0,1,0,0,0,0,0,
503,9.6,4.8,1,121,504,0,0,0,0,1,1,0,0,0,0,
504,9.6,4.8,1.5,503,505,0,0,0,0,1,1,0,0,0,0,
505,9.6,4.8,2,504,506,0,0,0,0,1,1,0,0,0,0,
506,9.6,4.8,2.5,505,507,0,0,0,0,1,1,0,0,0,0,
507,9.6,4.8,3,506,508,0,0,0,0,1,1,0,0,0,0,
508,9.6,4.8,3.5,507,509,0,0,0,0,1,1,0,0,0,0,
509,9.6,4.8,4,508,0,0,0,0,0,1,0,0,0,0,0,
510,10.4,4.8,1,122,511,0,0,0,0,1,1,0,0,0,0,
511,10.4,4.8,1.5,510,512,0,0,0,0,1,1,0,0,0,0,
512,10.4,4.8,2,511,513,0,0,0,0,1,1,0,0,0,0,
513,10.4,4.8,2.5,512,514,0,0,0,0,1,1,0,0,0,0,
514,10.4,4.8,3,513,515,0,0,0,0,1,1,0,0,0,0,
515,10.4,4.8,3.5,514,516,0,0,0,0,1,1,0,0,0,0,
516,10.4,4.8,4,515,0,0,0,0,0,1,0,0,0,0,0,
517,11.2,4.8,1,123,518,0,0,0,0,1,1,0,0,0,0,
518,11.2,4.8,1.5,517,519,0,0,0,0,1,1,0,0,0,0,
519,11.2,4.8,2,518,520,0,0,0,0,1,1,0,0,0,0,
520,11.2,4.8,2.5,519,521,0,0,0,0,1,1,0,0,0,0,
521,11.2,4.8,3,520,522,0,0,0,0,1,1,0,0,0,0,
522,11.2,4.8,3.5,521,523,0,0,0,0,1,1,0,0,0,0,
523,11.2,4.8,4,522,0,0,0,0,0,1,0,0,0,0,0,
524,12,4.8,1,124,525,0,0,0,0,1,1,0,0,0,0,
525,12,4.8,1.5,524,526,0,0,0,0,1,1,0,0,0,0,
526,12,4.8,2,525,527,0,0,0,0,1,1,0,0,0,0,
527,12,4.8,2.5,526,528,0,0,0,0,1,1,0,0,0,0,
528,12,4.8,3,527,529,0,0,0,0,1,1,0,0,0,0,
529,12,4.8,3.5,528,530,0,0,0,0,1,1,0,0,0,0,
530,12,4.8,4,529,0,0,0,0,0,1,0,0,0,0,0,
531,12.8,4.8,1,125,532,0,0,0,0,1,1,0,0,0,0,
532,12.8,4.8,1.5,531,533,0,0,0,0,1,1,0,0,0,0,
533,12.8,4.8,2,532,534,0,0,0,0,1,1,0,0,0,0,
534,12.8,4.8,2.5,533,535,0,0,0,0,1,1,0,0,0,0,
535,12.8,4.8,3,534,536,0,0,0,0,1,1,0,0,0,0,
536,12.8,4.8,3.5,535,537,0,0,0,0,1,1,0,0,0,0,
537,12.8,4.8,4,536,0,0,0,0,0,1,0,0,0,0,0,
538,0.8,7.2,1,164,539,0,0,0,0,1,1,0,0,0,0,
539,0.8,7.2,1.5,538,540,0,0,0,0,1,1,0,0,0,0,
540,0.8,7.2,2,539,541,0,0,0,0,1,1,0,0,0,0,
541,0.8,7.2,2.5,540,542,0,0,0,0,1,1,0,0,0,0,
542,0.8,7.2,3,541,543,0,0,0,0,1,1,0,0,0,0,
543,0.8,7.2,3.5,542,544,0,0,0,0,1,1,0,0,0,0,
544,0.8,7.2,4,543,0,0,0,0,0,1,0,0,0,0,0,
545,1.6,7.2,1,165,546,0,0,0,0,1,1,0,0,0,0,
546,1.6,7.2,1.5,545,547,0,0,0,0,1,1,0,0,0,0,
547,1.6,7.2,2,546,548,0,0,0,0,1,1,0,0,0,0,
548,1.6,7.2,2.5,547,549,0,0,0,0,1,1,0,0,0,0,
549,1.6,7.2,3,548,550,0,0,0,0,1,1,0,0,0,0,
550,1.6,7.2,3.5,549,551,0,0,0,0,1,1,0,0,0,0,
551,1.6,7.2,4,550,0,0,0,0,0,1,0,0,0,0,0,
552,2.4,7.2,1,166,553,0,0,0,0,1,1,0,0,0,0,
553,2.4,7.2,1.5,552,554,0,0,0,0,1,1,0,0,0,0,
554,2.4,7.2,2,553,555,0,0,0,0,1,1,0,0,0,0,
555,2.4,7.2,2.5,554,556,0,0,0,0,1,1,0,0,0,0,
556,2.4,7.2,3,555,557,0,0,0,0,1,1,0,0,0,0,
557,2.4,7.2,3.5,556,558,0,0,0,0,1,1,0,0,0,0,
558,2.4,7.2,4,557,0,0,0,0,0,1,0,0,0,0,0,
559,3.2,7.2,1,167,560,0,0,0,0,1,1,0,0,0,0,
560,3.2,7.2,1.5,559,561,0,0,0,0,1,1,0,0,0,0,
561,3.2,7.2,2,560,562,0,0,0,0,1,1,0,0,0,0,
562,3.2,7.2,2.5,561,563,0,0,0,0,1,1,0,0,0,0,
563,3.2,7.2,3,562,564,0,0,0,0,1,1,0,0,0,0,
564,3.2,7.2,3.5,563,565,0,0,0,0,1,1,0,0,0,0,
565,3.2,7.2,4,564,0,0,0,0,0,1,0,0,0,0,0,
566,4,7.2,1,168,567,0,0,0,0,1,1,0,0,0,0,
567,4,7.2,1.5,566,568,0,0,0,0,1,1,0,0,0,0,
568,4,7.2,2,567,569,0,0,0,0,1,1,0,0,0,0,
569,4,7.2,2.5,568,570,0,0,0,0,1,1,0,0,0,0,
570,4,7.2,3,569,571,0,0,0,0,1,1,0,0,0,0,
571,4,7.2,3.5,570,572,0,0,0,0,1,1,0,0,0,0,
572,4,7.2,4,571,0,0,0,0,0,1,0,0,0,0,0,
573,4.8,7.2,1,169,574,0,0,0,0,1,1,0,0,0,0,
574,4.8,7.2,1.5,573,575,0,0,0,0,1,1,0,0,0,0,
575,4.8,7.2,2,574,576,0,0,0,0,1,1,0,0,0,0,
576,4.8,7.2,2.5,575,577,0,0,0,0,1,1,0,0,0,0,
577,4.8,7.2,3,576,578,0,0,0,0,1,1,0,0,0,0,
578,4.8,7.2,3.5,577,579,0,0,0,0,1,1,0,0,0,0,
579,4.8,7.2,4,578,0,0,0,0,0,1,0,0,0,0,0,
580,5.6,7.2,1,170,581,0,0,0,0,1,1,0,0,0,0,
581,5.6,7.2,1.5,580,582,0,0,0,0,1,1,0,0,0,0,
582,5.6,7.2,2,581,583,0,0,0,0,1,1,0,0,0,0,
583,5.6,7.2,2.5,582,584,0,0,0,0,1,1,0,0,0,0,
584,5.6,7.2,3,583,585,0,0,0,0,1,1,0,0,0,0,
585,5.6,7.2,3.5,584,586,0,0,0,0,1,1,0,0,0,0,
586,5.6,7.2,4,585,0,0,0,0,0,1,0,0,0,0,0,
587,7.2,7.2,1,172,588,0,0,0,0,1,1,0,0,0,0,
588,7.2,7.2,1.5,587,589,0,0,0,0,1,1,0,0,0,0,
589,7.2,7.2,2,588,590,0,0,0,0,1,1,0,0,0,0,
590,7.2,7.2,2.5,589,591,0,0,0,0,1,1,0,0,0,0,
591,7.2,7.2,3,590,592,0,0,0,0,1,1,0,0,0,0,
592,7.2,7.2,3.5,591,593,0,0,0,0,1,1,0,0,0,0,
593,7.2,7.2,4,592,0,0,0,0,0,1,0,0,0,0,0,
594,8,7.2,1,173,595,0,0,0,0,1,1,0,0,0,0,
595,8,7.2,1.5,594,596,0,0,0,0,1,1,0,0,0,0,
596,8,7.2,2,595,597,0,0,0,0,1,1,0,0,0,0,
597,8,7.2,2.5,596,598,0,0,0,0,1,1,0,0,0,0,
598,8,7.2,3,597,599,0,0,0,0,1,1,0,0,0,0,
599,8,7.2,3.5,598,600,0,0,0,0,1,1,0,0,0,0,
600,8,7.2,4,599,0,0,0,0,0,1,0,0,0,0,0,
601,8.8,7.2,1,174,602,0,0,0,0,1,1,0,0,0,0,
602,8.8,7.2,1.5,601,603,0,0,0,0,1,1,0,0,0,0,
603,8.8,7.2,2,602,604,0,0,0,0,1,1,0,0,0,0,
604,8.8,7.2,2.5,603,605,0,0,0,0,1,1,0,0,0,0,
605,8.8,7.2,3,604,606,0,0,0,0,1,1,0,0,0,0,
606,8.8,7.2,3.5,605,607,0,0,0,0,1,1,0,0,0,0,
607,8.8,7.2,4,606,0,0,0,0,0,1,0,0,0,0,0,
608,9.6,7.2,1,175,609,0,0,0,0,1,1,0,0,0,0,
609,9.6,7.2,1.5,608,610,0,0,0,0,1,1,0,0,0,0,
610,9.6,7.2,2,609,611,0,0,0,0,1,1,0,0,0,0,
611,9.6,7.2,2.5,610,612,0,0,0,0,1,1,0,0,0,0,
612,9.6,7.2,3,611,613,0,0,0,0,1,1,0,0,0,0,
613,9.6,7.2,3.5,612,614,0,0,0,0,1,1,0,0,0,0,
614,9.6,7.2,4,613,0,0,0,0,0,1,0,0,0,0,0,
615,10.4,7.2,1,176,616,0,0,0,0,1,1,0,0,0,0,
616,10.4,7.2,1.5,615,617,0,0,0,0,1,1,0,0,0,0,
617,10.4,7.2,2,616,618,0,0,0,0,1,1,0,0,0,0,
618,10.4,7.2,2.5,617,619,0,0,0,0,1,1,0,0,0,0,
619,10.4,7.2,3,618,620,0,0,0,0,1,1,0,0,0,0,
620,10.4,7.2,3.5,619,621,0,0,0,0,1,1,0,0,0,0,
621,10.4,7.2,4,620,0,0,0,0,0,1,0,0,0,0,0,
622,11.2,7.2,1,177,623,0,0,0,0,1,1,0,0,0,0,
623,11.2,7.2,1.5,622,624,0,0,0,0,1,1,0,0,0,0,
624,11.2,7.2,2,623,625,0,0,0,0,1,1,0,0,0,0,
625,11.2,7.2,2.5,624,626,0,0,0,0,1,1,0,0,0,0,
626,11.2,7.2,3,625,627,0,0,0,0,1,1,0,0,0,0,
627,11.2,7.2,3.5,626,628,0,0,0,0,1,1,0,0,0,0,
628,11.2,7.2,4,627,0,0,0,0,0,1,0,0,0,0,0,
629,12,7.2,1,178,630,0,0,0,0,1,1,0,0,0,0,
630,12,7.2,1.5,629,631,0,0,0,0,1,1,0,0,0,0,
631,12,7.2,2,630,632,0,0,0,0,1,1,0,0,0,0,
632,12,7.2,2.5,631,633,0,0,0,0,1,1,0,0,0,0,
633,12,7.2,3,632,634,0,0,0,0,1,1,0,0,0,0,
634,12,7.2,3.5,633,635,0,0,0,0,1,1,0,0,0,0,
635,12,7.2,4,634,0,0,0,0,0,1,0,0,0,0,0,
636,12.8,7.2,1,179,637,0,0,0,0,1,1,0,0,0,0,
637,12.8,7.2,1.5,636,638,0,0,0,0,1,1,0,0,0,0,
638,12.8,7.2,2,637,639,0,0,0,0,1,1,0,0,0,0,
639,12.8,7.2,2.5,638,640,0,0,0,0,1,1,0,0,0,0,
640,12.8,7.2,3,639,641,0,0,0,0,1,1,0,0,0,0,
641,12.8,7.2,3.5,640,642,0,0,0,0,1,1,0,0,0,0,
642,12.8,7.2,4,641,0,0,0,0,0,1,0,0,0,0,0,
643,0.8,9.6,1,218,644,0,0,0,0,1,1,0,0,0,0,
644,0.8,9.6,1.5,643,645,0,0,0,0,1,1,0,0,0,0,
645,0.8,9.6,2,644,646,0,0,0,0,1,1,0,0,0,0,
646,0.8,9.6,2.5,645,647,0,0,0,0,1,1,0,0,0,0,
647,0.8,9.6,3,646,648,0,0,0,0,1,1,0,0,0,0,
648,0.8,9.6,3.5,647,649,0,0,0,0,1,1,0,0,0,0,
649,0.8,9.6,4,648,0,0,0,0,0,1,0,0,0,0,0,
650,1.6,9.6,1,219,651,0,0,0,0,1,1,0,0,0,0,
651,1.6,9.6,1.5,650,652,0,0,0,0,1,1,0,0,0,0,
652,1.6,9.6,2,651,653,0,0,0,0,1,1,0,0,0,0,
653,1.6,9.6,2.5,652,654,0,0,0,0,1,1,0,0,0,0,
654,1.6,9.6,3,653,655,0,0,0,0,1,1,0,0,0,0,
655,1.6,9.6,3.5,654,656,0,0,0,0,1,1,0,0,0,0,
656,1.6,9.6,4,655,0,0,0,0,0,1,0,0,0,0,0,
657,2.4,9.6,1,220,658,0,0,0,0,1,1,0,0,0,0,
658,2.4,9.6,1.5,657,659,0,0,0,0,1,1,0,0,0,0,
659,2.4,9.6,2,658,660,0,0,0,0,1,1,0,0,0,0,
660,2.4,9.6,2.5,659,661,0,0,0,0,1,1,0,0,0,0,
661,2.4,9.6,3,660,662,0,0,0,0,1,1,0,0,0,0,
662,2.4,9.6,3.5,661,663,0,0,0,0,1,1,0,0,0,0,
663,2.4,9.6,4,662,0,0,0,0,0,1,0,0,0,0,0,
664,3.2,9.6,1,221,665,0,0,0,0,1,1,0,0,0,0,
665,3.2,9.6,1.5,664,666,0,0,0,0,1,1,0,0,0,0,
666,3.2,9.6,2,665,667,0,0,0,0,1,1,0,0,0,0,
667,3.2,9.6,2.5,666,668,0,0,0,0,1,1,0,0,0,0,
668,3.2,9.6,3,667,669,0,0,0,0,1,1,0,0,0,0,
669,3.2,9.6,3.5,668,670,0,0,0,0,1,1,0,0,0,0,
670,3.2,9.6,4,669,0,0,0,0,0,1,0,0,0,0,0,
671,4,9.6,1,222,672,0,0,0,0,1,1,0,0,0,0,
672,4,9.6,1.5,671,673,0,0,0,0,1,1,0,0,0,0,
673,4,9.6,2,672,674,0,0,0,0,1,1,0,0,0,0,
674,4,9.6,2.5,673,675,0,0,0,0,1,1,0,0,0,0,
675,4,9.6,3,674,676,0,0,0,0,1,1,0,0,0,0,
676,4,9.6,3.5,675,677,0,0,0,0,1,1,0,0,0,0,
677,4,9.6,4,676,0,0,0,0,0,1,0,0,0,0,0,
678,4.8,9.6,1,223,679,0,0,0,0,1,1,0,0,0,0,
679,4.8,9.6,1.5,678,680,0,0,0,0,1,1,0,0,0,0,
680,4.8,9.6,2,679,681,0,0,0,0,1,1,0,0,0,0,
681,4.8,9.6,2.5,680,682,0,0,0,0,1,1,0,0,0,0,
682,4.8,9.6,3,681,683,0,0,0,0,1,1,0,0,0,0,
683,4.8,9.6,3.5,682,684,0,0,0,0,1,1,0,0,0,0,
684,4.8,9.6,4,683,0,0,0,0,0,1,0,0,0,0,0,
685,5.6,9.6,1,224,686,0,0,0,0,1,1,0,0,0,0,
686,5.6,9.6,1.5,685,687,0,0,0,0,1,1,0,0,0,0,
687,5.6,9.6,2,686,688,0,0,0,0,1,1,0,0,0,0,
688,5.6,9.6,2.5,687,689,0,0,0,0,1,1,0,0,0,0,
689,5.6,9.6,3,688,690,0,0,0,0,1,1,0,0,0,0,
690,5.6,9.6,3.5,689,691,0,0,0,0,1,1,0,0,0,0,
691,5.6,9.6,4,690,0,0,0,0,0,1,0,0,0,0,0,
692,7.2,9.6,1,226,693,0,0,0,0,1,1,0,0,0,0,
693,7.2,9.6,1.5,692,694,0,0,0,0,1,1,0,0,0,0,
694,7.2,9.6,2,693,695,0,0,0,0,1,1,0,0,0,0,
695,7.2,9.6,2.5,694,696,0,0,0,0,1,1,0,0,0,0,
696,7.2,9.6,3,695,697,0,0,0,0,1,1,0,0,0,0,
697,7.2,9.6,3.5,696,698,0,0,0,0,1,1,0,0,0,0,
698,7.2,9.6,4,697,0,0,0,0,0,1,0,0,0,0,0,
699,8,9.6,1,227,700,0,0,0,0,1,1,0,0,0,0,
700,8,9.6,1.5,699,701,0,0,0,0,1,1,0,0,0,0,
701,8,9.6,2,700,702,0,0,0,0,1,1,0,0,0,0,
702,8,9.6,2.5,701,703,0,0,0,0,1,1,0,0,0,0,
703,8,9.6,3,702,704,0,0,0,0,1,1,0,0,0,0,
704,8,9.6,3.5,703,705,0,0,0,0,1,1,0,0,0,0,
705,8,9.6,4,704,0,0,0,0,0,1,0,0,0,0,0,
706,8.8,9.6,1,228,707,0,0,0,0,1,1,0,0,0,0,
707,8.8,9.6,1.5,706,708,0,0,0,0,1,1,0,0,0,0,
708,8.8,9.6,2,707,709,0,0,0,0,1,1,0,0,0,0,
709,8.8,9.6,2.5,708,710,0,0,0,0,1,1,0,0,0,0,
710,8.8,9.6,3,709,711,0,0,0,0,1,1,0,0,0,0,
711,8.8,9.6,3.5,710,712,0,0,0,0,1,1,0,0,0,0,
712,8.8,9.6,4,711,0,0,0,0,0,1,0,0,0,0,0,
713,9.6,9.6,1,229,714,0,0,0,0,1,1,0,0,0,0,
714,9.6,9.6,1.5,713,715,0,0,0,0,1,1,0,0,0,0,
715,9.6,9.6,2,714,716,0,0,0,0,1,1,0,0,0,0,
716,9.6,9.6,2.5,715,717,0,0,0,0,1,1,0,0,0,0,
717,9.6,9.6,3,716,718,0,0,0,0,1,1,0,0,0,0,
718,9.6,9.6,3.5,717,719,0,0,0,0,1,1,0,0,0,0,
719,9.6,9.6,4,718,0,0,0,0,0,1,0,0,0,0,0,
720,10.4,9.6,1,230,721,0,0,0,0,1,1,0,0,0,0,
721,10.4,9.6,1.5,720,722,0,0,0,0,1,1,0,0,0,0,
722,10.4,9.6,2,721,723,0,0,0,0,1,1,0,0,0,0,
723,10.4,9.6,2.5,722,724,0,0,0,0,1,1,0,0,0,0,
724,10.4,9.6,3,723,725,0,0,0,0,1,1,0,0,0,0,
725,10.4,9.6,3.5,724,726,0,0,0,0,1,1,0,0,0,0,
726,10.4,9.6,4,725,0,0,0,0,0,1,0,0,0,0,0,
727,11.2,9.6,1,231,728,0,0,0,0,1,1,0,0,0,0,
728,11.2,9.6,1.5,727,729,0,0,0,0,1,1,0,0,0,0,
729,11.2,9.6,2,728,730,0,0,0,0,1,1,0,0,0,0,
730,11.2,9.6,2.5,729,731,0,0,0,0,1,1,0,0,0,0,
731,11.2,9.6,3,730,732,0,0,0,0,1,1,0,0,0,0,
732,11.2,9.6,3.5,731,733,0,0,0,0,1,1,0,0,0,0,
733,11.2,9.6,4,732,0,0,0,0,0,1,0,0,0,0,0,
734,12,9.6,1,232,735,0,0,0,0,1,1,0,0,0,0,
735,12,9.6,1.5,734,736,0,0,0,0,1,1,0,0,0,0,
736,12,9.6,2,735,737,0,0,0,0,1,1,0,0,0,0,
737,12,9.6,2.5,736,738,0,0,0,0,1,1,0,0,0,0,
738,12,9.6,3,737,739,0,0,0,0,1,1,0,0,0,0,
739,12,9.6,3.5,738,740,0,0,0,0,1,1,0,0,0,0,
740,12,9.6,4,739,0,0,0,0,0,1,0,0,0,0,0,
741,12.8,9.6,1,233,742,0,0,0,0,1,1,0,0,0,0,
742,12.8,9.6,1.5,741,743,0,0,0,0,1,1,0,0,0,0,
743,12.8,9.6,2,742,744,0,0,0,0,1,1,0,0,0,0,
744,12.8,9.6,2.5,743,745,0,0,0,0,1,1,0,0,0,0,
745,12.8,9.6,3,744,746,0,0,0,0,1,1,0,0,0,0,
746,12.8,9.6,3.5,745,747,0,0,0,0,1,1,0,0,0,0,
747,12.8,9.6,4,746,0,0,0,0,0,1,0,0,0,0,0,
748,0.8,12,1,272,749,0,0,0,0,1,1,0,0,0,0,
749,0.8,12,1.5,748,750,0,0,0,0,1,1,0,0,0,0,
750,0.8,12,2,749,751,0,0,0,0,1,1,0,0,0,0,
751,0.8,12,2.5,750,752,0,0,0,0,1,1,0,0,0,0,
752,0.8,12,3,751,753,0,0,0,0,1,1,0,0,0,0,
753,0.8,12,3.5,752,754,0,0,0,0,1,1,0,0,0,0,
754,0.8,12,4,753,0,0,0,0,0,1,0,0,0,0,0,
755,1.6,12,1,273,756,0,0,0,0,1,1,0,0,0,0,
756,1.6,12,1.5,755,757,0,0,0,0,1,1,0,0,0,0,
757,1.6,12,2,756,758,0,0,0,0,1,1,0,0,0,0,
758,1.6,12,2.5,757,759,0,0,0,0,1,1,0,0,0,0,
759,1.6,12,3,758,760,0,0,0,0,1,1,0,0,0,0,
760,1.6,12,3.5,759,761,0,0,0,0,1,1,0,0,0,0,
761,1.6,12,4,760,0,0,0,0,0,1,0,0,0,0,0,
762,2.4,12,1,274,763,0,0,0,0,1,1,0,0,0,0,
763,2.4,12,1.5,762,764,0,0,0,0,1,1,0,0,0,0,
764,2.4,12,2,763,765,0,0,0,0,1,1,0,0,0,0,
765,2.4,12,2.5,764,766,0,0,0,0,1,1,0,0,0,0,
766,2.4,12,3,765,767,0,0,0,0,1,1,0,0,0,0,
767,2.4,12,3.5,766,768,0,0,0,0,1,1,0,0,0,0,
768,2.4,12,4,767,0,0,0,0,0,1,0,0,0,0,0,
769,3.2,12,1,275,770,0,0,0,0,1,1,0,0,0,0,
770,3.2,12,1.5,769,771,0,0,0,0,1,1,0,0,0,0,
771,3.2,12,2,770,772,0,0,0,0,1,1,0,0,0,0,
772,3.2,12,2.5,771,773,0,0,0,0,1,1,0,0,0,0,
773,3.2,12,3,772,774,0,0,0,0,1,1,0,0,0,0,
774,3.2,12,3.5,773,775,0,0,0,0,1,1,0,0,0,0,
775,3.2,12,4,774,0,0,0,0,0,1,0,0,0,0,0,
776,4,12,1,276,777,0,0,0,0,1,1,0,0,0,0,
777,4,12,1.5,776,778,0,0,0,0,1,1,0,0,0,0,
778,4,12,2,777,779,0,0,0,0,1,1,0,0,0,0,
779,4,12,2.5,778,780,0,0,0,0,1,1,0,0,0,0,
780,4,12,3,779,781,0,0,0,0,1,1,0,0,0,0,
781,4,12,3.5,780,782,0,0,0,0,1,1,0,0,0,0,
782,4,12,4,781,0,0,0,0,0,1,0,0,0,0,0,
783,4.8,12,1,277,784,0,0,0,0,1,1,0,0,0,0,
784,4.8,12,1.5,783,785,0,0,0,0,1,1,0,0,0,0,
785,4.8,12,2,784,786,0,0,0,0,1,1,0,0,0,0,
786,4.8,12,2.5,785,787,0,0,0,0,1,1,0,0,0,0,
787,4.8,12,3,786,788,0,0,0,0,1,1,0,0,0,0,
788,4.8,12,3.5,787,789,0,0,0,0,1,1,0,0,0,0,
789,4.8,12,4,788,0,0,0,0,0,1,0,0,0,0,0,
790,5.6,12,1,278,791,0,0,0,0,1,1,0,0,0,0,
791,5.6,12,1.5,790,792,0,0,0,0,1,1,0,0,0,0,
792,5.6,12,2,791,793,0,0,0,0,1,1,0,0,0,0,
793,5.6,12,2.5,792,794,0,0,0,0,1,1,0,0,0,0,
794,5.6,12,3,793,795,0,0,0,0,1,1,0,0,0,0,
795,5.6,12,3.5,794,796,0,0,0,0,1,1,0,0,0,0,
796,5.6,12,4,795,0,0,0,0,0,1,0,0,0,0,0,
797,7.2,12,1,280,798,0,0,0,0,1,1,0,0,0,0,
798,7.2,12,1.5,797,799,0,0,0,0,1,1,0,0,0,0,
799,7.2,12,2,798,800,0,0,0,0,1,1,0,0,0,0,
800,7.2,12,2.5,799,801,0,0,0,0,1,1,0,0,0,0,
801,7.2,12,3,800,802,0,0,0,0,1,1,0,0,0,0,
802,7.2,12,3.5,801,803,0,0,0,0,1,1,0,0,0,0,
803,7.2,12,4,802,0,0,0,0,0,1,0,0,0,0,0,
804,8,12,1,281,805,0,0,0,0,1,1,0,0,0,0,
805,8,12,1.5,804,806,0,0,0,0,1,1,0,0,0,0,
806,8,12,2,805,807,0,0,0,0,1,1,0,0,0,0,
807,8,12,2.5,806,808,0,0,0,0,1,1,0,0,0,0,
808,8,12,3,807,809,0,0,0,0,1,1,0,0,0,0,
809,8,12,3.5,808,810,0,0,0,0,1,1,0,0,0,0,
810,8,12,4,809,0,0,0,0,0,1,0,0,0,0,0,
811,8.8,12,1,282,812,0,0,0,0,1,1,0,0,0,0,
812,8.8,12,1.5,811,813,0,0,0,0,1,1,0,0,0,0,
813,8.8,12,2,812,814,0,0,0,0,1,1,0,0,0,0,
814,8.8,12,2.5,813,815,0,0,0,0,1,1,0,0,0,0,
815,8.8,12,3,814,816,0,0,0,0,1,1,0,0,0,0,
816,8.8,12,3.5,815,817,0,0,0,0,1,1,0,0,0,0,
817,8.8,12,4,816,0,0,0,0,0,1,0,0,0,0,0,
818,9.6,12,1,283,819,0,0,0,0,1,1,0,0,0,0,
819,9.6,12,1.5,818,820,0,0,0,0,1,1,0,0,0,0,
820,9.6,12,2,819,821,0,0,0,0,1,1,0,0,0,0,
821,9.6,12,2.5,820,822,0,0,0,0,1,1,0,0,0,0,
822,9.6,12,3,821,823,0,0,0,0,1,1,0,0,0,0,
823,9.6,12,3.5,822,824,0,0,0,0,1,1,0,0,0,0,
824,9.6,12,4,823,0,0,0,0,0,1,0,0,0,0,0,
825,10.4,12,1,284,826,0,0,0,0,1,1,0,0,0,0,
826,10.4,12,1.5,825,827,0,0,0,0,1,1,0,0,0,0,
827,10.4,12,2,826,828,0,0,0,0,1,1,0,0,0,0,
828,10.4,12,2.5,827,829,0,0,0,0,1,1,0,0,0,0,
829,10.4,12,3,828,830,0,0,0,0,1,1,0,0,0,0,
830,10.4,12,3.5,829,831,0,0,0,0,1,1,0,0,0,0,
831,10.4,12,4,830,0,0,0,0,0,1,0,0,0,0,0,
832,11.2,12,1,285,833,0,0,0,0,1,1,0,0,0,0,
833,11.2,12,1.5,832,834,0,0,0,0,1,1,0,0,0,0,
834,11.2,12,2,833,835,0,0,0,0,1,1,0,0,0,0,
835,11.2,12,2.5,834,836,0,0,0,0,1,1,0,0,0,0,
836,11.2,12,3,835,837,0,0,0,0,1,1,0,0,0,0,
837,11.2,12,3.5,836,838,0,0,0,0,1,1,0,0,0,0,
838,11.2,12,4,837,0,0,0,0,0,1,0,0,0,0,0,
839,12,12,1,286,840,0,0,0,0,1,1,0,0,0,0,
840,12,12,1.5,839,841,0,0,0,0,1,1,0,0,0,0,
841,12,12,2,840,842,0,0,0,0,1,1,0,0,0,0,
842,12,12,2.5,841,843,0,0,0,0,1,1,0,0,0,0,
843,12,12,3,842,844,0,0,0,0,1,1,0,0,0,0,
844,12,12,3.5,843,845,0,0,0,0,1,1,0,0,0,0,
845,12,12,4,844,0,0,0,0,0,1,0,0,0,0,0,
846,12.8,12,1,287,847,0,0,0,0,1,1,0,0,0,0,
847,12.8,12,1.5,846,848,0,0,0,0,1,1,0,0,0,0,
848,12.8,12,2,847,849,0,0,0,0,1,1,0,0,0,0,
849,12.8,12,2.5,848,850,0,0,0,0,1,1,0,0,0,0,
850,12.8,12,3,849,851,0,0,0,0,1,1,0,0,0,0,
851,12.8,12,3.5,850,852,0,0,0,0,1,1,0,0,0,0,
852,12.8,12,4,851,0,0,0,0,0,1,0,0,0,0,0,
853,0.8,14.4,1,326,854,0,0,0,0,1,1,0,0,0,0,
854,0.8,14.4,1.5,853,855,0,0,0,0,1,1,0,0,0,0,
855,0.8,14.4,2,854,856,0,0,0,0,1,1,0,0,0,0,
856,0.8,14.4,2.5,855,857,0,0,0,0,1,1,0,0,0,0,
857,0.8,14.4,3,856,858,0,0,0,0,1,1,0,0,0,0,
858,0.8,14.4,3.5,857,859,0,0,0,0,1,1,0,0,0,0,
859,0.8,14.4,4,858,0,0,0,0,0,1,0,0,0,0,0,
860,1.6,14.4,1,327,861,0,0,0,0,1,1,0,0,0,0,
861,1.6,14.4,1.5,860,862,0,0,0,0,1,1,0,0,0,0,
862,1.6,14.4,2,861,863,0,0,0,0,1,1,0,0,0,0,
863,1.6,14.4,2.5,862,864,0,0,0,0,1,1,0,0,0,0,
864,1.6,14.4,3,863,865,0,0,0,0,1,1,0,0,0,0,
865,1.6,14.4,3.5,864,866,0,0,0,0,1,1,0,0,0,0,
866,1.6,14.4,4,865,0,0,0,0,0,1,0,0,0,0,0,
867,2.4,14.4,1,328,868,0,0,0,0,1,1,0,0,0,0,
868,2.4,14.4,1.5,867,869,0,0,0,0,1,1,0,0,0,0,
869,2.4,14.4,2,868,870,0,0,0,0,1,1,0,0,0,0,
870,2.4,14.4,2.5,869,871,0,0,0,0,1,1,0,0,0,0,
871,2.4,14.4,3,870,872,0,0,0,0,1,1,0,0,0,0,
872,2.4,14.4,3.5,871,873,0,0,0,0,1,1,0,0,0,0,
873,2.4,14.4,4,872,0,0,0,0,0,1,0,0,0,0,0,
874,3.2,14.4,1,329,875,0,0,0,0,1,1,0,0,0,0,
875,3.2,14.4,1.5,874,876,0,0,0,0,1,1,0,0,0,0,
876,3.2,14.4,2,875,877,0,0,0,0,1,1,0,0,0,0,
877,3.2,14.4,2.5,876,878,0,0,0,0,1,1,0,0,0,0,
878,3.2,14.4,3,877,879,0,0,0,0,1,1,0,0,0,0,
879,3.2,14.4,3.5,878,880,0,0,0,0,1,1,0,0,0,0,
880,3.2,14.4,4,879,0,0,0,0,0,1,0,0,0,0,0,
881,4,14.4,1,330,882,0,0,0,0,1,1,0,0,0,0,
882,4,14.4,1.5,881,883,0,0,0,0,1,1,0,0,0,0,
883,4,14.4,2,882,884,0,0,0,0,1,1,0,0,0,0,
884,4,14.4,2.5,883,885,0,0,0,0,1,1,0,0,0,0,
885,4,14.4,3,884,886,0,0,0,0,1,1,0,0,0,0,
886,4,14.4,3.5,885,887,0,0,0,0,1,1,0,0,0,0,
887,4,14.4,4,886,0,0,0,0,0,1,0,0,0,0,0,
888,4.8,14.4,1,331,889,0,0,0,0,1,1,0,0,0,0,
889,4.8,14.4,1.5,888,890,0,0,0,0,1,1,0,0,0,0,
890,4.8,14.4,2,889,891,0,0,0,0,1,1,0,0,0,0,
891,4.8,14.4,2.5,890,892,0,0,0,0,1,1,0,0,0,0,
892,4.8,14.4,3,891,893,0,0,0,0,1,1,0,0,0,0,
893,4.8,14.4,3.5,892,894,0,0,0,0,1,1,0,0,0,0,
894,4.8,14.4,4,893,0,0,0,0,0,1,0,0,0,0,0,
895,5.6,14.4,1,332,896,0,0,0,0,1,1,0,0,0,0,
896,5.6,14.4,1.5,895,897,0,0,0,0,1,1,0,0,0,0,
897,5.6,14.4,2,896,898,0,0,0,0,1,1,0,0,0,0,
898,5.6,14.4,2.5,897,899,0,0,0,0,1,1,0,0,0,0,
899,5.6,14.4,3,898,900,0,0,0,0,1,1,0,0,0,0,
900,5.6,14.4,3.5,899,901,0,0,0,0,1,1,0,0,0,0,
901,5.6,14.4,4,900,0,0,0,0,0,1,0,0,0,0,0,
902,7.2,14.4,1,334,903,0,0,0,0,1,1,0,0,0,0,
903,7.2,14.4,1.5,902,904,0,0,0,0,1,1,0,0,0,0,
904,7.2,14.4,2,903,905,0,0,0,0,1,1,0,0,0,0,
905,7.2,14.4,2.5,904,906,0,0,0,0,1,1,0,0,0,0,
906,7.2,14.4,3,905,907,0,0,0,0,1,1,0,0,0,0,
907,7.2,14.4,3.5,906,908,0,0,0,0,1,1,0,0,0,0,
908,7.2,14.4,4,907,0,0,0,0,0,1,0,0,0,0,0,
909,8,14.4,1,335,910,0,0,0,0,1,1,0,0,0,0,
910,8,14.4,1.5,909,911,0,0,0,0,1,1,0,0,0,0,
911,8,14.4,2,910,912,0,0,0,0,1,1,0,0,0,0,
912,8,14.4,2.5,911,913,0,0,0,0,1,1,0,0,0,0,
913,8,14.4,3,912,914,0,0,0,0,1,1,0,0,0,0,
914,8,14.4,3.5,913,915,0,0,0,0,1,1,0,0,0,0,
915,8,14.4,4,914,0,0,0,0,0,1,0,0,0,0,0,
916,8.8,14.4,1,336,917,0,0,0,0,1,1,0,0,0,0,
917,8.8,14.4,1.5,916,918,0,0,0,0,1,1,0,0,0,0,
918,8.8,14.4,2,917,919,0,0,0,0,1,1,0,0,0,0,
919,8.8,14.4,2.5,918,920,0,0,0,0,1,1,0,0,0,0,
920,8.8,14.4,3,919,921,0,0,0,0,1,1,0,0,0,0,
921,8.8,14.4,3.5,920,922,0,0,0,0,1,1,0,0,0,0,
922,8.8,14.4,4,921,0,0,0,0,0,1,0,0,0,0,0,
923,9.6,14.4,1,337,924,0,0,0,0,1,1,0,0,0,0,
924,9.6,14.4,1.5,923,925,0,0,0,0,1,1,0,0,0,0,
925,9.6,14.4,2,924,926,0,0,0,0,1,1,0,0,0,0,
926,9.6,14.4,2.5,925,927,0,0,0,0,1,1,0,0,0,0,
927,9.6,14.4,3,926,928,0,0,0,0,1,1,0,0,0,0,
928,9.6,14.4,3.5,927,929,0,0,0,0,1,1,0,0,0,0,
929,9.6,14.4,4,928,0,0,0,0,0,1,0,0,0,0,0,
930,10.4,14.4,1,338,931,0,0,0,0,1,1,0,0,0,0,
931,10.4,14.4,1.5,930,932,0,0,0,0,1,1,0,0,0,0,
932,10.4,14.4,2,931,933,0,0,0,0,1,1,0,0,0,0,
933,10.4,14.4,2.5,932,934,0,0,0,0,1,1,0,0,0,0,
934,10.4,14.4,3,933,935,0,0,0,0,1,1,0,0,0,0,
935,10.4,14.4,3.5,934,936,0,0,0,0,1,1,0,0,0,0,
936,10.4,14.4,4,935,0,0,0,0,0,1,0,0,0,0,0,
937,11.2,14.4,1,339,938,0,0,0,0,1,1,0,0,0,0,
938,11.2,14.4,1.5,937,939,0,0,0,0,1,1,0,0,0,0,
939,11.2,14.4,2,938,940,0,0,0,0,1,1,0,0,0,0,
940,11.2,14.4,2.5,939,941,0,0,0,0,1,1,0,0,0,0,
941,11.2,14.4,3,940,942,0,0,0,0,1,1,0,0,0,0,
942,11.2,14.4,3.5,941,943,0,0,0,0,1,1,0,0,0,0,
943,11.2,14.4,4,942,0,0,0,0,0,1,0,0,0,0,0,
944,12,14.4,1,340,945,0,0,0,0,1,1,0,0,0,0,
945,12,14.4,1.5,944,946,0,0,0,0,1,1,0,0,0,0,
946,12,14.4,2,945,947,0,0,0,0,1,1,0,0,0,0,
947,12,14.4,2.5,946,948,0,0,0,0,1,1,0,0,0,0,
948,12,14.4,3,947,949,0,0,0,0,1,1,0,0,0,0,
949,12,14.4,3.5,948,950,0,0,0,0,1,1,0,0,0,0,
950,12,14.4,4,949,0,0,0,0,0,1,0,0,0,0,0,
951,12.8,14.4,1,341,952,0,0,0,0,1,1,0,0,0,0,
952,12.8,14.4,1.5,951,953,0,0,0,0,1,1,0,0,0,0,
953,12.8,14.4,2,952,954,0,0,0,0,1,1,0,0,0,0,
954,12.8,14.4,2.5,953,955,0,0,0,0,1,1,0,0,0,0,
955,12.8,14.4,3,954,956,0,0,0,0,1,1,0,0,0,0,
956,12.8,14.4,3.5,955,957,0,0,0,0,1,1,0,0,0,0,
957,12.8,14.4,4,956,0,0,0,0,0,1,0,0,0,0,0,
958,0.8,16.8,1,380,959,0,0,0,0,1,1,0,0,0,0,
959,0.8,16.8,1.5,958,960,0,0,0,0,1,1,0,0,0,0,
960,0.8,16.8,2,959,961,0,0,0,0,1,1,0,0,0,0,
961,0.8,16.8,2.5,960,962,0,0,0,0,1,1,0,0,0,0,
962,0.8,16.8,3,961,963,0,0,0,0,1,1,0,0,0,0,
963,0.8,16.8,3.5,962,964,0,0,0,0,1,1,0,0,0,0,
964,0.8,16.8,4,963,0,0,0,0,0,1,0,0,0,0,0,
965,1.6,16.8,1,381,966,0,0,0,0,1,1,0,0,0,0,
966,1.6,16.8,1.5,965,967,0,0,0,0,1,1,0,0,0,0,
967,1.6,16.8,2,966,968,0,0,0,0,1,1,0,0,0,0,
968,1.6,16.8,2.5,967,969,0,0,0,0,1,1,0,0,0,0,
969,1.6,16.8,3,968,970,0,0,0,0,1,1,0,0,0,0,
970,1.6,16.8,3.5,969,971,0,0,0,0,1,1,0,0,0,0,
971,1.6,16.8,4,970,0,0,0,0,0,1,0,0,0,0,0,
972,2.4,16.8,1,382,973,0,0,0,0,1,1,0,0,0,0,
973,2.4,16.8,1.5,972,974,0,0,0,0,1,1,0,0,0,0,
974,2.4,16.8,2,973,975,0,0,0,0,1,1,0,0,0,0,
975,2.4,16.8,2.5,974,976,0,0,0,0,1,1,0,0,0,0,
976,2.4,16.8,3,975,977,0,0,0,0,1,1,0,0,0,0,
977,2.4,16.8,3.5,976,978,0,0,0,0,1,1,0,0,0,0,
978,2.4,16.8,4,977,0,0,0,0,0,1,0,0,0,0,0,
979,3.2,16.8,1,383,980,0,0,0,0,1,1,0,0,0,0,
980,3.2,16.8,1.5,979,981,0,0,0,0,1,1,0,0,0,0,
981,3.2,16.8,2,980,982,0,0,0,0,1,1,0,0,0,0,
982,3.2,16.8,2.5,981,983,0,0,0,0,1,1,0,0,0,0,
983,3.2,16.8,3,982,984,0,0,0,0,1,1,0,0,0,0,
984,3.2,16.8,3.5,983,985,0,0,0,0,1,1,0,0,0,0,
985,3.2,16.8,4,984,0,0,0,0,0,1,0,0,0,0,0,
986,4,16.8,1,384,987,0,0,0,0,1,1,0,0,0,0,
987,4,16.8,1.5,986,988,0,0,0,0,1,1,0,0,0,0,
988,4,16.8,2,987,989,0,0,0,0,1,1,0,0,0,0,
989,4,16.8,2.5,988,990,0,0,0,0,1,1,0,0,0,0,
990,4,16.8,3,989,991,0,0,0,0,1,1,0,0,0,0,
991,4,16.8,3.5,990,992,0,0,0,0,1,1,0,0,0,0,
992,4,16.8,4,991,0,0,0,0,0,1,0,0,0,0,0,
993,4.8,16.8,1,385,994,0,0,0,0,1,1,0,0,0,0,
994,4.8,16.8,1.5,993,995,0,0,0,0,1,1,0,0,0,0,
995,4.8,16.8,2,994,996,0,0,0,0,1,1,0,0,0,0,
996,4.8,16.8,2.5,995,997,0,0,0,0,1,1,0,0,0,0,
997,4.8,16.8,3,996,998,0,0,0,0,1,1,0,0,0,0,
998,4.8,16.8,3.5,997,999,0,0,0,0,1,1,0,0,0,0,
999,4.8,16.8,4,998,0,0,0,0,0,1,0,0,0,0,0,
1000,5.6,16.8,1,386,1001,0,0,0,0,1,1,0,0,0,0,
1001,5.6,16.8,1.5,1000,1002,0,0,0,0,1,1,0,0,0,0,
1002,5.6,16.8,2,1001,1003,0,0,0,0,1,1,0,0,0,0,
1003,5.6,16.8,2.5,1002,1004,0,0,0,0,1,1,0,0,0,0,
1004,5.6,16.8,3,1003,1005,0,0,0,0,1,1,0,0,0,0,
1005,5.6,16.8,3.5,1004,1006,0,0,0,0,1,1,0,0,0,0,
1006,5.6,16.8,4,1005,0,0,0,0,0,1,0,0,0,0,0,
1007,7.2,16.8,1,388,1008,0,0,0,0,1,1,0,0,0,0,
1008,7.2,16.8,1.5,1007,1009,0,0,0,0,1,1,0,0,0,0,
1009,7.2,16.8,2,1008,1010,0,0,0,0,1,1,0,0,0,0,
1010,7.2,16.8,2.5,1009,1011,0,0,0,0,1,1,0,0,0,0,
1011,7.2,16.8,3,1010,1012,0,0,0,0,1,1,0,0,0,0,
1012,7.2,16.8,3.5,1011,1013,0,0,0,0,1,1,0,0,0,0,
1013,7.2,16.8,4,1012,0,0,0,0,0,1,0,0,0,0,0,
1014,8,16.8,1,389,1015,0,0,0,0,1,1,0,0,0,0,
1015,8,16.8,1.5,1014,1016,0,0,0,0,1,1,0,0,0,0,
1016,8,16.8,2,1015,1017,0,0,0,0,1,1,0,0,0,0,
1017,8,16.8,2.5,1016,1018,0,0,0,0,1,1,0,0,0,0,
1018,8,16.8,3,1017,1019,0,0,0,0,1,1,0,0,0,0,
1019,8,16.8,3.5,1018,1020,0,0,0,0,1,1,0,0,0,0,
1020,8,16.8,4,1019,0,0,0,0,0,1,0,0,0,0,0,
1021,8.8,16.8,1,390,1022,0,0,0,0,1,1,0,0,0,0,
1022,8.8,16.8,1.5,1021,1023,0,0,0,0,1,1,0,0,0,0,
1023,8.8,16.8,2,1022,1024,0,0,0,0,1,1,0,0,0,0,
1024,8.8,16.8,2.5,1023,1025,0,0,0,0,1,1,0,0,0,0,
1025,8.8,16.8,3,1024,1026,0,0,0,0,1,1,0,0,0,0,
1026,8.8,16.8,3.5,1025,1027,0,0,0,0,1,1,0,0,0,0,
1027,8.8,16.8,4,1026,0,0,0,0,0,1,0,0,0,0,0,
1028,9.6,16.8,1,391,1029,0,0,0,0,1,1,0,0,0,0,
1029,9.6,16.8,1.5,1028,1030,0,0,0,0,1,1,0,0,0,0,
1030,9.6,16.8,2,1029,1031,0,0,0,0,1,1,0,0,0,0,
1031,9.6,16.8,2.5,1030,1032,0,0,0,0,1,1,0,0,0,0,
1032,9.6,16.8,3,1031,1033,0,0,0,0,1,1,0,0,0,0,
1033,9.6,16.8,3.5,1032,1034,0,0,0,0,1,1,0,0,0,0,
1034,9.6,16.8,4,1033,0,0,0,0,0,1,0,0,0,0,0,
1035,10.4,16.8,1,392,1036,0,0,0,0,1,1,0,0,0,0,
1036,10.4,16.8,1.5,1035,1037,0,0,0,0,1,1,0,0,0,0,
1037,10.4,16.8,2,1036,1038,0,0,0,0,1,1,0,0,0,0,
1038,10.4,16.8,2.5,1037,1039,0,0,0,0,1,1,0,0,0,0,
1039,10.4,16.8,3,1038,1040,0,0,0,0,1,1,0,0,0,0,
1040,10.4,16.8,3.5,1039,1041,0,0,0,0,1,1,0,0,0,0,
1041,10.4,16.8,4,1040,0,0,0,0,0,1,0,0,0,0,0,
1042,11.2,16.8,1,393,1043,0,0,0,0,1,1,0,0,0,0,
1043,11.2,16.8,1.5,1042,1044,0,0,0,0,1,1,0,0,0,0,
1044,11.2,16.8,2,1043,1045,0,0,0,0,1,1,0,0,0,0,
1045,11.2,16.8,2.5,1044,1046,0,0,0,0,1,1,0,0,0,0,
1046,11.2,16.8,3,1045,1047,0,0,0,0,1,1,0,0,0,0,
1047,11.2,16.8,3.5,1046,1048,0,0,0,0,1,1,0,0,0,0,
1048,11.2,16.8,4,1047,0,0,0,0,0,1,0,0,0,0,0,
1049,12,16.8,1,394,1050,0,0,0,0,1,1,0,0,0,0,
1050,12,16.8,1.5,1049,1051,0,0,0,0,1,1,0,0,0,0,
1051,12,16.8,2,1050,1052,0,0,0,0,1,1,0,0,0,0,
1052,12,16.8,2.5,1051,1053,0,0,0,0,1,1,0,0,0,0,
1053,12,16.8,3,1052,1054,0,0,0,0,1,1,0,0,0,0,
1054,12,16.8,3.5,1053,1055,0,0,0,0,1,1,0,0,0,0,
1055,12,16.8,4,1054,0,0,0,0,0,1,0,0,0,0,0,
1056,12.8,16.8,1,395,1057,0,0,0,0,1,1,0,0,0,0,
1057,12.8,16.8,1.5,1056,1058,0,0,0,0,1,1,0,0,0,0,
1058,12.8,16.8,2,1057,1059,0,0,0,0,1,1,0,0,0,0,
1059,12.8,16.8,2.5,1058,1060,0,0,0,0,1,1,0,0,0,0,
1060,12.8,16.8,3,1059,1061,0,0,0,0,1,1,0,0,0,0,
1061,12.8,16.8,3.5,1060,1062,0,0,0,0,1,1,0,0,0,0,
1062,12.8,16.8,4,1061,0,0,0,0,0,1,0,0,0,0,0,
